{
    "loss": 11.436243057250977,
    "accuracy": 0.5251798629760742
}