{
    "loss": 46.316871643066406,
    "accuracy": 0.48201438784599304
}